art_codigo;art_nombre;art_subgrupo;art_empresa;art_medida;art_tarifa;art_descripcion;art_tipoarticulo;art_tipodestino;art_tarifa_consumo;art_referencia;art_econ_codigo;art_estado;art_gravado;art_img_nombre;art_img_ubicacion;gru_id;tip_id;art_tienetarifacondicionada;art_nrouvt_tarifacondicion;art_tarifacondicionada;econ_id;tir_codigo;art_dia_sin_iva;artdpto_id;art_peso;art_tarifa_consumo_esp;art_tarcons_mayorvlriva;art_precio_venta;art_cantidad;art_precio_costo
1056;Harina De Trigo La Nieve X 50 Kg;2057;901418981;g;IVA 5%;;Articulo;MERCANCIA;;7707237413759;;Activo;true;;;1585;547;;;;3641;NOAPLICA;;;;;;4;473540;3
1513;Chocolatgranulcrocanteconfeiteirox1050Gr;1938;901418981;g;IVA19;;Articulo;MERCANCIA;;7897077820678;;Activo;true;;;1577;563;;;;3639;NOAPLICA;;;;;;29;8;20
21;Papel De Aluminio Kangupor X 7 Mts;2008;901418981;UND;IVA19;;Articulo;MERCANCIA;;7808304268569;;Activo;true;;;1579;564;;;;3638;NOAPLICA;;;;;;3671;10;2532
26;Pelicula Transp Darnel Wrap 12 X 100 Ft;2008;901418981;UND;IVA19;;Articulo;MERCANCIA;;645667107183;;Activo;true;;;1579;564;;;;3638;NOAPLICA;;;;;;4000;10;2548
27;Lina Ron Con Pasas 500Ml;2071;901418981;UND;IVA19;;Articulo;MERCANCIA;;27;;Activo;true;;;1586;547;;;;3641;NOAPLICA;;;;;;1815;13;1252
33;Vasos Optima 5 Oz X  50 Unid;2008;901418981;UND;IVA19;;Articulo;MERCANCIA;;7703183816101;;Activo;true;;;1579;564;;;;3638;NOAPLICA;;;;;;2200;24;1776
37;Porta Comida Blanco J2 X Unid;2008;901418981;UND;IVA19;;Articulo;MERCANCIA;;37;;Activo;true;;;1579;564;;;;3638;NOAPLICA;;;;;;364;1;251
38;Leche Condensada Vakanisima X500Grx36Ud;2071;901418981;UND;;;Articulo;MERCANCIA;;7707268632150;;Activo;false;;;1586;547;;;;3641;NOAPLICA;;;;;;4000;7;3477
39;Canela Estilla  X 20 Lb;2071;901418981;g;IVA19;;Articulo;MERCANCIA;;39;;Activo;true;;;1586;547;;;;3639;NOAPLICA;;;;;;1784;11;1230
41;Platos Pandos Darnel 20 X 20 Cm;2008;901418981;UND;IVA19;;Articulo;MERCANCIA;;7702458002959;;Activo;true;;;1579;564;;;;3638;NOAPLICA;;;;;;3800;9;2308
49;Levadura Fresca Levapan X 500Gr;2057;901418981;UND;IVA19;;Articulo;MERCANCIA;;7702014000115;;Activo;true;;;1585;547;;;;3639;NOAPLICA;;;;;;1628;12;1123
51;Base Merengue Fleischmann X 1.5 Kg;2008;901418981;g;IVA19;;Articulo;MERCANCIA;;7701871002201;;Activo;true;;;1579;564;;;;3639;NOAPLICA;;;;;;925;1;638
52;Bolsa Transparente Plast 7 X 10;2008;901418981;UND;IVA19;;Articulo;MERCANCIA;;52;;Activo;true;;;1579;564;;;;3639;NOAPLICA;;;;;;1200;5;545
64;Vasos Super Practico Desechables 9 Ozx50;2008;901418981;UND;IVA19;;Articulo;MERCANCIA;;7703183382095;;Activo;true;;;1579;564;;;;3638;NOAPLICA;;;;;;3488;43;2406
65;Bocadillo De Guayaba El Ruiseñor X 480Gr;2071;901418981;UND;;;Articulo;MERCANCIA;;7709990825626;;Activo;false;;;1586;547;;;;3639;NOAPLICA;;;;;;2200;1;4523
67;Bolsa Transparente Plast 8 X 14;2008;901418981;UND;IVA19;;Articulo;MERCANCIA;;67;;Activo;true;;;1579;564;;;;3639;NOAPLICA;;;;;;1800;13;724
70;Vaso Trasparente Optima 7 Oz X 50;2008;901418981;UND;IVA19;;Articulo;MERCANCIA;;7703183381074;;Activo;true;;;1579;564;;;;3638;NOAPLICA;;;;;;2372;160;1636
71;Yodisal X 400 Gr;1855;901418981;UND;;;Articulo;MERCANCIA;;7707229460099;;Activo;false;;;1574;563;;;;3639;NOAPLICA;;;;;;568;3;391
85;Bolsa Para Boli Grande X Paq 2X9;2008;901418981;UND;IVA19;;Articulo;MERCANCIA;;85;;Activo;true;;;1579;564;;;;3638;NOAPLICA;;;;;;300;14;137
87;Bases Redondas Icopor  # 36 X 200 Und;2008;901418981;UND;IVA19;;Articulo;MERCANCIA;;87;;Activo;true;;;1579;564;;;;3638;NOAPLICA;;;;;;573;25;395
103;Huevos X Unid;1855;901418981;UND;;;Articulo;MERCANCIA;;103;;Activo;false;;;1574;563;;;;3639;NOAPLICA;;;;;;583;3;402
111;Porta Comida Blanco J1 X Unid;2008;901418981;UND;IVA19;;Articulo;MERCANCIA;;111;;Activo;true;;;1579;564;;;;3638;NOAPLICA;;;;;;366;3;252
117;Bases Redonda Icopor  # 30 X 200 Und;2008;901418981;UND;IVA19;;Articulo;MERCANCIA;;117;;Activo;true;;;1579;564;;;;3638;NOAPLICA;;;;;;339;3;234
119;Bases Cuadradas Icopor 30 X 30;2008;901418981;UND;IVA19;;Articulo;MERCANCIA;;119;;Activo;true;;;1579;564;;;;3638;NOAPLICA;;;;;;663;5;458
127;Molde De Aluminio Darnel 16 Oz X 500 Und;2050;901418981;UND;IVA19;;Articulo;MERCANCIA;;127;;Activo;true;;;1584;564;;;;3637;NOAPLICA;;;;;;352;6;243
136;Galletas Ducales  Paq X 6 Tacos;1980;901418981;UND;IVA19;;Articulo;MERCANCIA;;7702025117475;;Activo;true;;;1580;565;;;;3641;NOAPLICA;;;;;;2955;19;2038
147;Caja Torta Maletin 26 X 26 Prexxa 3/4;2008;901418981;UND;IVA19;;Articulo;MERCANCIA;;147;;Activo;true;;;1579;564;;;;3638;NOAPLICA;;;;;;2173;20;1499
166;Azucar Micropulverizada Sta Ana X 500 Gr;1855;901418981;UND;IVA 5%;;Articulo;MERCANCIA;;7709723634303;;Activo;true;;;1574;563;;;;3639;NOAPLICA;;;;;;2600;52;3009
167;Bases Redondas Icopor  # 17 X 200 Und;2008;901418981;UND;IVA19;;Articulo;MERCANCIA;;167;;Activo;true;;;1579;564;;;;3638;NOAPLICA;;;;;;128;29;89
175;Bandeja Darnel # 6 X 500 Und;2008;901418981;UND;IVA19;;Articulo;MERCANCIA;;175;;Activo;true;;;1579;564;;;;3638;NOAPLICA;;;;;;313;58;216
177;Bases Redondas Icopor #24.5 Cm X 200 Und;2008;901418981;UND;IVA19;;Articulo;MERCANCIA;;177;;Activo;true;;;1579;564;;;;3638;NOAPLICA;;;;;;103;30;71
189;Sopero 16 Oz  Con Tapa Espumado X 20 Und;2008;901418981;g;IVA19;;Articulo;MERCANCIA;;7702458019926;;Activo;true;;;1579;564;;;;3638;NOAPLICA;;;;;;147;51;101
200;Bolsa 25 Kg Cuero Vaca X 50 Und;2008;901418981;UND;IVA19;;Articulo;MERCANCIA;;200;;Activo;true;;;1579;564;;;;3638;NOAPLICA;;;;;;62;1;43
227;Bandeja Darnel # 7 X 500 Und;2008;901418981;UND;IVA19;;Articulo;MERCANCIA;;227;;Activo;true;;;1579;564;;;;3638;NOAPLICA;;;;;;145;4;100
229;Bandeja Darnel # 9 X 500 Und;2008;901418981;UND;IVA19;;Articulo;MERCANCIA;;229;;Activo;true;;;1579;564;;;;3638;NOAPLICA;;;;;;300;200;201
271;Molde De Aluminio Darnel 24 Oz X 500 Und;2050;901418981;UND;IVA19;;Articulo;MERCANCIA;;271;;Activo;true;;;1584;564;;;;3638;NOAPLICA;;;;;;360;35;248
295;Bandeja Darnel # 4 X 500 Und;2008;901418981;UND;IVA19;;Articulo;MERCANCIA;;295;;Activo;true;;;1579;564;;;;3638;NOAPLICA;;;;;;220;3;151
371;Bandeja Darnel # 8 X 500 Und;2008;901418981;UND;IVA19;;Articulo;MERCANCIA;;371;;Activo;true;;;1579;564;;;;3638;NOAPLICA;;;;;;252;3;174
389;Manga Desechable Economica X Unid;2008;901418981;UND;IVA19;;Articulo;MERCANCIA;;389;;Activo;true;;;1579;564;;;;3638;NOAPLICA;;;;;;1791;19;1235
410;Triangular 8 Oz X 200 Und;2008;901418981;UND;IVA19;;Articulo;MERCANCIA;;410;;Activo;true;;;1579;564;;;;3638;NOAPLICA;;;;;;458;11;316
435;Arroz Soplado Blanco X 500 Gr;1855;901418981;g;IVA19;;Articulo;MERCANCIA;;7709990924374;;Activo;true;;;1574;563;;;;3639;NOAPLICA;;;;;;11;8;7
500;Lluvia de Chocolate Nacional x500Gr;1938;901418981;g;IVA19;;Articulo;MERCANCIA;;500;;Activo;true;;;1577;563;;;;3641;NOAPLICA;;;;;;35;20;22
741;Bandeja Darnel # 10 X 500 Und;2008;901418981;UND;IVA19;;Articulo;MERCANCIA;;741;;Activo;true;;;1579;564;;;;3638;NOAPLICA;;;;;;250;9;167
767;Porta Hamburguesa C1 X 500 Und;2008;901418981;UND;IVA19;;Articulo;MERCANCIA;;767;;Activo;true;;;1579;564;;;;3638;NOAPLICA;;;;;;200;39;138
845;Gelatina Sin Sabor Vallelindo X 500 Gr;2071;901418981;g;IVA19;;Articulo;MERCANCIA;;7709990337853;;Activo;true;;;1586;547;;;;3641;NOAPLICA;;;;;;64;1;44
869;Tapa Plana 8 Oz  X 200 Und;2008;901418981;g;IVA19;;Articulo;MERCANCIA;;869;;Activo;true;;;1579;564;;;;3638;NOAPLICA;;;;;;517;25;357
1000;Palo Para Bombombun;2008;901418981;UND;IVA19;;Articulo;MERCANCIA;;1000;;Activo;true;;;1579;564;;;;3637;NOAPLICA;;;;;;26;10;18
1180;Chocolat Granuladocrocantefleischmanx1Kg;1938;901418981;g;IVA19;;Articulo;MERCANCIA;;7897077804388;;Activo;true;;;1577;563;;;;3639;NOAPLICA;;;;;;28000;20;18200
1460;Anis X Gr;2057;901418981;g;IVA19;;Articulo;MERCANCIA;;1460;;Activo;true;;;1585;547;;;;3641;NOAPLICA;;;;;;18000;5;11700
1811;MYM de Chocolate de Colores x 500GR;1938;901418981;g;IVA19;;Articulo;MERCANCIA;;1811;;Activo;true;;;1577;563;;;;3639;NOAPLICA;;;;;;48;25;33
2270;Uvas Pasas X 10 Kg;2057;901418981;g;;;Articulo;MERCANCIA;;2270;;Activo;false;;;1585;547;;;;3639;NOAPLICA;;;;;;11;6;7
4165;Glucosa Colorisa X 5000 Gr;2071;901418981;UND;IVA19;;Articulo;MERCANCIA;;7707175887131;;Activo;true;;;1586;547;;;;3641;NOAPLICA;;;;;;12;80;8
4350;Ciruelas Pasas X 10 Kg;2057;901418981;g;IVA19;;Articulo;MERCANCIA;;4350;;Activo;true;;;1585;547;;;;3639;NOAPLICA;;;;;;19;12;13
7000;Crema Chantilly Nutresa X 1000 Gr;2071;901418981;g;IVA19;;Articulo;MERCANCIA;;7702007265514;;Activo;true;;;1586;547;;;;3641;NOAPLICA;;;;;;38;52;26
7650;Hy-Vol Richs X  Tarro 2040 Gr;2071;901418981;g;IVA19;;Articulo;MERCANCIA;;049800692350;;Activo;true;;;1586;547;;;;3641;NOAPLICA;;;;;;120000;8;43
8000;Coco Desh Cabello Angel Tropicocox1000Gr;2057;901418981;g;;;Articulo;MERCANCIA;;7707338560123;;Activo;false;;;1585;547;;;;3641;NOAPLICA;;;;;;87;20;60
9400;Chips Chocolate Negro A Granel X 12.5 Kg;1938;901418981;g;IVA19;;Articulo;MERCANCIA;;9400;;Activo;true;;;1577;563;;;;3641;NOAPLICA;;;;;;23;61;16
9775;Galleta De Chte Recreo Triturada X 1 Kg;1980;901418981;UND;IVA19;;Articulo;MERCANCIA;;7702025123285;;Activo;true;;;1580;565;;;;3641;NOAPLICA;;;;;;100;8;69
10000;Arequipe El Corral Tapa Roja X 5 Kg;2071;901418981;UND;;;Articulo;MERCANCIA;;10000;;Activo;false;;;1586;547;;;;3639;NOAPLICA;;;;;;12;5;9
11250;Avena Molida Don Pancho X 12 Kg;1855;901418981;g;IVA 5%;;Articulo;MERCANCIA;;11250;;Activo;true;;;1574;563;;;;3639;NOAPLICA;;;;;;9;1;6
11825;LEVADURA SECA INSTANT SUCCESS X 500 GR;2057;901418981;UND;IVA19;;Articulo;MERCANCIA;;11825;;Activo;true;;;1585;547;;;;3639;NOAPLICA;;;;;;22;10;16
13000;Cobertura Chocolate Italo X 500 Gr;1938;901418981;UND;IVA19;;Articulo;MERCANCIA;;7702117015481;;Activo;true;;;1577;563;;;;3641;NOAPLICA;;;;;;24;2;16
15000;Grasa Astra Reposteria X 15 Kg;2071;901418981;g;IVA19;;Articulo;MERCANCIA;;15000;;Activo;true;;;1586;547;;;;3641;NOAPLICA;;;;;;12;4;8
15600;Propianato De Calcio X 12 Kg;2071;901418981;g;IVA19;;Articulo;MERCANCIA;;15600;;Activo;true;;;1586;547;;;;3641;NOAPLICA;;;;;;20;5;13
18530;Frutas Cristalizada X  2Kg;2057;901418981;g;IVA19;;Articulo;MERCANCIA;;7705124175476;;Activo;true;;;1585;547;;;;3641;NOAPLICA;;;;;;8;24;6
24000;Cernido de Guayaba Express x12Kg;2057;901418981;UND;IVA19;;Articulo;MERCANCIA;;24000;;Activo;true;;;1585;547;;;;3641;NOAPLICA;;;;;;4;1;3
29835;Gragea Colores Italo X 3000 Gr;2057;901418981;g;IVA19;;Articulo;MERCANCIA;;29835;;Activo;true;;;1585;547;;;;3641;NOAPLICA;;;;;;13;51;9
35750;Bianchi Chocolate Negro X 500 Gr;1938;901418981;UND;IVA19;;Articulo;MERCANCIA;;7702993031056;;Activo;true;;;1577;563;;;;3641;NOAPLICA;;;;;;8700;6;17
55150;Buñuelo Express X 12 Kg;2057;901418981;g;IVA19;;Articulo;MERCANCIA;;55150;;Activo;true;;;1585;547;;;;3639;NOAPLICA;;;;;;7;10;5
64130;Polvo Para Hornear Carolesen X 30 Kg;2057;901418981;g;IVA19;;Articulo;MERCANCIA;;64130;;Activo;true;;;1585;547;;;;3641;NOAPLICA;;;;;;8;1;6
84220;Dulce De Leche Frutirrey X 12 Kg;2071;901418981;g;;;Articulo;MERCANCIA;;84220;;Activo;false;;;1586;547;;;;3639;NOAPLICA;;;;;;8;9;6
88650;Fecula x25Kg;2057;901418981;g;;;Articulo;MERCANCIA;;88650;;Activo;false;;;1585;547;;;;3641;NOAPLICA;;;;;;7;7;5
90000;Grasa Selecta  X 15 Kg;2071;901418981;g;IVA19;;Articulo;MERCANCIA;;7707170120417;;Activo;true;;;1586;547;;;;3641;NOAPLICA;;;;;;10;13;7
90550;Almidon Agrio X 12 Kg;1855;901418981;g;;;Articulo;MERCANCIA;;90550;;Activo;false;;;1574;563;;;;3639;NOAPLICA;;;;;;9;22;8
95425;Grasa Margarina Repostera 5A x15Kl;2071;901418981;UND;IVA19;;Articulo;MERCANCIA;;95425;;Activo;true;;;1586;547;;;;3639;NOAPLICA;;;;;;10;8;7
105000;Grasa Multiproposito 15Kg;2071;901418981;g;IVA19;;Articulo;MERCANCIA;;105000;;Activo;true;;;1586;547;;;;3641;NOAPLICA;;;;;;9;4;6
120000;Grasa Ricura  X 15 Kg;2071;901418981;g;IVA19;;Articulo;MERCANCIA;;7707170120400;;Activo;true;;;1586;547;;;;3641;NOAPLICA;;;;;;9;3;6
1052;Harina De Trigo 3 Castillos X 50 Kg;2057;901418981;g;IVA 5%;;Articulo;MERCANCIA;;7707136000074;;Activo;true;;;1585;547;;;;3641;NOAPLICA;;;;;;7;100500;5
239075;Grasa Brahman Pan X 15 Kg;2071;901418981;g;IVA19;;Articulo;MERCANCIA;;239075;;Activo;true;;;1586;547;;;;3641;NOAPLICA;;;;;;5;31;3
258250;Brahman Hojaldre Marg Exquisita 20X500Gr;2071;901418981;g;IVA19;;Articulo;MERCANCIA;;7709855424629;;Activo;true;;;1586;547;;;;3641;NOAPLICA;;;;;;9;40;6
315140;Grasa La Excelencia X 15Kg;2071;901418981;UND;IVA19;;Articulo;MERCANCIA;;315140;;Activo;true;;;1586;547;;;;3639;NOAPLICA;;;;;;8;30500;5
334965;Azucar X 50 Kg;1855;901418981;G;IVA 5%;;Articulo;MERCANCIA;;334965;;Activo;true;;;1574;563;;;;3639;NOAPLICA;;;;;;5;4;4
1053;Harina De Trigo Elite X 50 Kg;2057;901418981;g;IVA 5%;;Articulo;MERCANCIA;;770736000265;;Activo;true;;;1585;547;;;;3641;NOAPLICA;;;;;;4;256000;4
2677;Harina De Congelado ;2057;901418981;g;IVA 5%;;Articulo;MERCANCIA;;2677;;Activo;true;;;1585;547;;;;3641;NOAPLICA;;;;;;5;135066;3
3107;Harina La Insuperable X 50Kg;2057;901418981;g;IVA 5%;;Articulo;MERCANCIA;;3107;;Activo;false;;;1585;547;;;;3641;NOAPLICA;;;;;;4;360560;3
1012;Arequipe El Corral Tapa Verde X 5 Kg;2071;901418981;UND;;;Articulo;MERCANCIA;;1012;;Activo;false;;;1586;547;;;;3639;NOAPLICA;;;;;;46000;6;39000
1104;Esencia Canela Astek X 500 Ml;2071;901418981;UND;IVA19;;Articulo;MERCANCIA;;7707237077548;;Activo;true;;;1586;547;;;;3641;NOAPLICA;;;;;;6478;10;4468
1105;Esencia Prodisabor Chicle X 500 Ml;2071;901418981;UND;IVA19;;Articulo;MERCANCIA;;7707373082529;;Activo;true;;;1586;547;;;;3641;NOAPLICA;;;;;;9011;6;6214
1107;Esencia Banano Gourmet X 510 Ml;2071;901418981;UND;IVA19;;Articulo;MERCANCIA;;7708350073608;;Activo;true;;;1586;547;;;;3641;NOAPLICA;;;;;;4543;9;3133
11106;Esencia Vainilla Blanca Gourmet X 510 Ml;2071;901418981;UND;IVA19;;Articulo;MERCANCIA;;7708350073141;;Activo;true;;;1586;547;;;;3641;NOAPLICA;;;;;;6000;5;3342
1129;Platos Hondos Darnel 20 X 30 Oz;2008;901418981;UND;IVA19;;Articulo;MERCANCIA;;1129;;Activo;true;;;1579;564;;;;3638;NOAPLICA;;;;;;3084;84;2127
1131;Rojo Escarlata Deliaroma X 500 Gr;2071;901418981;UND;IVA19;;Articulo;MERCANCIA;;1131;;Activo;true;;;1586;547;;;;3639;NOAPLICA;;;;;;18011;25;12422
1135;Esencia Limon Carolesen 510 Ml;2071;901418981;UND;IVA19;;Articulo;MERCANCIA;;7707175882020;;Activo;true;;;1586;547;;;;3639;NOAPLICA;;;;;;12000;3;9587
1153;Tenedor Tami X 20 Und;2008;901418981;UND;IVA19;;Articulo;MERCANCIA;;64566717645;;Activo;true;;;1579;564;;;;3638;NOAPLICA;;;;;;1385;1;955
118;Obleasvida Alimentos X 370 Gr X 50 Unid;2057;901418981;UND;IVA19;;Articulo;MERCANCIA;;7707268638107;;Activo;true;;;1585;547;;;;3639;NOAPLICA;;;;;;7500;1;5617
1198;Molde Para Torta N 10;2050;901418981;UND;IVA19;;Articulo;MERCANCIA;;1198;;Activo;true;;;1584;564;;;;3641;NOAPLICA;;;;;;7000;16;4097
1201;Molde Cuadrado X 1Kg;2050;901418981;UND;IVA19;;Articulo;MERCANCIA;;1201;;Activo;true;;;1584;564;;;;3637;NOAPLICA;;;;;;1306;36;901
1205;Molde Para Torta Redondo X 2 Libras;2050;901418981;UND;IVA19;;Articulo;MERCANCIA;;1205;;Activo;true;;;1584;564;;;;3641;NOAPLICA;;;;;;23241;4;16028
1206;Molde Para Torta Redondo X 1 Libra;2050;901418981;UND;IVA19;;Articulo;MERCANCIA;;1206;;Activo;true;;;1584;564;;;;3641;NOAPLICA;;;;;;1312;4;905
1207;Molde Para Torta Redondo X 1/2 Libras;2050;901418981;UND;IVA19;;Articulo;MERCANCIA;;1207;;Activo;true;;;1584;564;;;;3641;NOAPLICA;;;;;;12084;4;8334
1208;Molde Para Torta Redondo X 1/4 Libras;2050;901418981;UND;IVA19;;Articulo;MERCANCIA;;1208;;Activo;true;;;1584;564;;;;3641;NOAPLICA;;;;;;11000;4;6649
1209;Molde Para Torta Redondo X 1/8 Libras;2050;901418981;UND;IVA19;;Articulo;MERCANCIA;;1209;;Activo;true;;;1584;564;;;;3641;NOAPLICA;;;;;;8332;4;5746
1210;Molde Para Torta Redondo X 1 1/2 Libras;2050;901418981;UND;IVA19;;Articulo;MERCANCIA;;1210;;Activo;true;;;1584;564;;;;3641;NOAPLICA;;;;;;20543;4;14168
1225;Esencia Queso Gourmet 60 Ml;2071;901418981;UND;IVA19;;Articulo;MERCANCIA;;7709990511383;;Activo;true;;;1586;547;;;;3639;NOAPLICA;;;;;;1816;4;1252
1321;Esencia Vainilla Negra Gourmet  X 3850Ml;2071;901418981;UND;IVA19;;Articulo;MERCANCIA;;7708350073356;;Activo;true;;;1586;547;;;;3641;NOAPLICA;;;;;;37901;5;26138
137;Muuu Galleta De Leche Paq X 18 Unid;1980;901418981;UND;IVA19;;Articulo;MERCANCIA;;7702011070371;;Activo;true;;;1580;565;;;;3639;NOAPLICA;;;;;;2800;4;2686
1429;Vaso 3.3 Oz Color Verde X 50;2008;901418981;UND;IVA19;;Articulo;MERCANCIA;;7709326271288;;Activo;true;;;1579;564;;;;3638;NOAPLICA;;;;;;1827;5;1260
1467;Porta Comida P1 Blanco X Und;2008;901418981;UND;IVA19;;Articulo;MERCANCIA;;1467;;Activo;true;;;1579;564;;;;3638;NOAPLICA;;;;;;438;6;302
1476;Colorante Liquido Negro Colorisa  X 7 Ml;2071;901418981;UND;IVA19;;Articulo;MERCANCIA;;7707175880415;;Activo;true;;;1586;547;;;;3641;NOAPLICA;;;;;;3500;9;2327
1487;Colorante Liquido Rosado Jg  X 60 Ml;2071;901418981;UND;IVA19;;Articulo;MERCANCIA;;7707175880378;;Activo;true;;;1586;547;;;;3641;NOAPLICA;;;;;;13404;5;9244
1488;Colorante Liquido Azul Jg  X 60 Ml;2071;901418981;UND;IVA19;;Articulo;MERCANCIA;;7707175880071;;Activo;true;;;1586;547;;;;3641;NOAPLICA;;;;;;11145;1;7686
1519;Molde Para Chocolate Figuras Colorisaxud;2050;901418981;UND;IVA19;;Articulo;MERCANCIA;;1519;;Activo;true;;;1584;564;;;;3637;NOAPLICA;;;;;;4688;8;3233
154;Cucharas Tami X 20 Und;2008;901418981;UND;IVA19;;Articulo;MERCANCIA;;645667176516;;Activo;true;;;1579;564;;;;3638;NOAPLICA;;;;;;1743;6;1202
1583;Gelatina Frutiño Sin Sabor X 30 Gr;2071;901418981;UND;IVA19;;Articulo;MERCANCIA;;7702354009397;;Activo;true;;;1586;547;;;;3641;NOAPLICA;;;;;;1722;8;1187
1607;Guantes Cocina Alumar;2008;901418981;UND;IVA19;;Articulo;MERCANCIA;;8854700000394;;Activo;true;;;1579;564;;;;3637;NOAPLICA;;;;;;1748;9;1205
1670;Platos Pandos Darnel 20 X 23 Cm;2008;901418981;UND;IVA19;;Articulo;MERCANCIA;;645667223814;;Activo;true;;;1579;564;;;;3638;NOAPLICA;;;;;;5185;10;3576
1711;Lexi Fondant Verdenavidadsugarcraptx500G;2057;901418981;UND;IVA19;;Articulo;MERCANCIA;;7597304218918;;Activo;true;;;1585;547;;;;3641;NOAPLICA;;;;;;1861;30;1283
1713;Lexi Fondant Verdemanzanasugarcraptx500G;2057;901418981;UND;IVA19;;Articulo;MERCANCIA;;7597304218796;;Activo;true;;;1585;547;;;;3641;NOAPLICA;;;;;;1863;2;1285
1725;Cernido De Guayaba Frutirrey X 12 Kg;2057;901418981;g;;;Articulo;MERCANCIA;;1725;;Activo;false;;;1585;547;;;;3641;NOAPLICA;;;;;;5;24000;4
1786;Esencia Vainilla Blanca Duque X 500 Cm3;2071;901418981;UND;IVA 5%;;Articulo;MERCANCIA;;7707159001133;;Activo;true;;;1586;547;;;;3639;NOAPLICA;;;;;;1827;3;1260
1787;Esencia Kola Duque X 500 Cm3;2071;901418981;UND;IVA 5%;;Articulo;MERCANCIA;;7707159001119;;Activo;true;;;1586;547;;;;3639;NOAPLICA;;;;;;1645;30;1134
1795;Colorante Liquido Piel Colorisa  X 7 Ml;2071;901418981;UND;IVA19;;Articulo;MERCANCIA;;7707175880613;;Activo;true;;;1586;547;;;;3641;NOAPLICA;;;;;;1952;6;1346
1797;Colorante Liquido Azul Colorisa  X 12 Ml;2071;901418981;UND;IVA19;;Articulo;MERCANCIA;;7707175880064;;Activo;true;;;1586;547;;;;3641;NOAPLICA;;;;;;3500;5;2340
1804;Colorante Liquido Rojo Colorisa  X 12 Ml;2071;901418981;UND;IVA19;;Articulo;MERCANCIA;;7707175880118;;Activo;true;;;1586;547;;;;3641;NOAPLICA;;;;;;3500;3;2273
1810;Champaña Drumanti Uva  X 750 Ml;2057;901418981;UND;IVA 5%;;Articulo;MERCANCIA;;7705497834574;;Activo;true;;;1585;547;;;;3641;NOAPLICA;;;;;;1968;0;1358
1847;Colorante Liquido Amarillo Jg  X 60 Ml;2071;901418981;UND;IVA19;;Articulo;MERCANCIA;;7707175880026;;Activo;true;;;1586;547;;;;3641;NOAPLICA;;;;;;2009;2;1385
1853;Pelicula Transp Darnel Wrap 12 X 200 Ft;2008;901418981;UND;IVA19;;Articulo;MERCANCIA;;645667090287;;Activo;true;;;1579;564;;;;3638;NOAPLICA;;;;;;8440;18;5821
1885;Mani Triturado Del Nogal X Gr;2071;901418981;g;;;Articulo;MERCANCIA;;1885;;Activo;false;;;1586;547;;;;3641;NOAPLICA;;;;;;15;24;11
1893;Acople Grande X Unid;2057;901418981;UND;IVA19;;Articulo;MERCANCIA;;7707175882464;;Activo;true;;;1585;547;;;;3637;NOAPLICA;;;;;;4000;17;2372
2004;Esencia Vainilla Negra Duque X 500 Cm3;2071;901418981;UND;IVA 5%;;Articulo;MERCANCIA;;2004;;Activo;true;;;1586;547;;;;3639;NOAPLICA;;;;;;1579;10;1089
2098;Molde Corazon X 1/4 Lb Del Norte;2050;901418981;UND;IVA19;;Articulo;MERCANCIA;;2098;;Activo;true;;;1584;564;;;;3637;NOAPLICA;;;;;;13612;8;9388
21252;Bocadillo De Guayaba Frutirrey  X 6250G;2071;901418981;UND;IVA19;;Articulo;MERCANCIA;;21252;;Activo;true;;;1586;547;;;;3641;NOAPLICA;;;;;;52459;24;36179
225;Pitillos  Bambu X Paquete;2008;901418981;UND;IVA19;;Articulo;MERCANCIA;;7709009335122;;Activo;true;;;1579;564;;;;3638;NOAPLICA;;;;;;2000;1;1578
228;Galleta Oreo Orig Paq X 12 Unid;1980;901418981;UND;IVA19;;Articulo;MERCANCIA;;7590011151110;;Activo;true;;;1580;565;;;;3639;NOAPLICA;;;;;;7500;3;5837
2318;Color Caramelo Carolesen X 155 Gr;2071;901418981;UND;IVA19;;Articulo;MERCANCIA;;7707175885410;;Activo;true;;;1586;547;;;;3641;NOAPLICA;;;;;;2975;4;2051
233;Crema De Leche Parmalat Bolsa X1.1Litros;2071;901418981;UND;;;Articulo;MERCANCIA;;7700604045348;;Activo;false;;;1586;547;;;;3641;NOAPLICA;;;;;;12500;4;8125
2340;GELATINA GELHADA CEREZA X 40 GR;2071;901418981;UND;IVA19;;Articulo;MERCANCIA;;7702014502046;;Activo;true;;;1586;547;;;;3641;NOAPLICA;;;;;;1200;4;742
2341;GELATINA GELHADA FRAMBUESA X 40 GR;2071;901418981;UND;IVA19;;Articulo;MERCANCIA;;2341;;Activo;true;;;1586;547;;;;3639;NOAPLICA;;;;;;1200;11;683
2346;GELATINA GELHADA FRESA X 40 GR;2071;901418981;UND;IVA19;;Articulo;MERCANCIA;;2346;;Activo;true;;;1586;547;;;;3639;NOAPLICA;;;;;;1200;12;748
2349;Crema De Leche Alqueria X 450 Gr;2071;901418981;UND;;;Articulo;MERCANCIA;;7702177020029;;Activo;false;;;1586;547;;;;3641;NOAPLICA;;;;;;2555;4;1762
2439;Colorante Liquido Rojo Colorisa  X 60 Ml;2071;901418981;UND;IVA19;;Articulo;MERCANCIA;;7707175880125;;Activo;true;;;1586;547;;;;3641;NOAPLICA;;;;;;2652;8;1829
248;Arequipe La Vakanisima X 500 Gr X 36 Und;2071;901418981;UND;;;Articulo;MERCANCIA;;7707268638114;;Activo;false;;;1586;547;;;;3639;NOAPLICA;;;;;;4000;7;3390
249;Arequipe Vakanisima X 1000 Gr X 20 Und;2071;901418981;UND;;;Articulo;MERCANCIA;;7707268631863;;Activo;false;;;1586;547;;;;3639;NOAPLICA;;;;;;6500;5;5897
252;Leche Condensada Vakanisima X1000Grx20Ud;2071;901418981;UND;;;Articulo;MERCANCIA;;7707268632167;;Activo;false;;;1586;547;;;;3641;NOAPLICA;;;;;;6300;2;5889
262;Dulce De Leche Manga Del Corral X 1 Kg C;2071;901418981;UND;;;Articulo;MERCANCIA;;7709022126226;;Activo;false;;;1586;547;;;;3639;NOAPLICA;;;;;;7800;12;8405
2643;Color Caramelo Gourmet X 650 Gr;2071;901418981;UND;IVA19;;Articulo;MERCANCIA;;7708350073219;;Activo;true;;;1586;547;;;;3641;NOAPLICA;;;;;;7070;10;4876
2646;Esencia Ponque Gourmet X  510 Ml;2071;901418981;UND;IVA19;;Articulo;MERCANCIA;;7708350073400;;Activo;true;;;1586;547;;;;3639;NOAPLICA;;;;;;4508;7;3109
2701;Gelatina Sabrimax Sabor Uva X 500 Gr;2071;901418981;UND;IVA19;;Articulo;MERCANCIA;;2701;;Activo;true;;;1586;547;;;;3641;NOAPLICA;;;;;;2937;3;2026
274;Cocoa Superior Corona X 100 Gr;2071;901418981;UND;IVA19;;Articulo;MERCANCIA;;7702007031560;;Activo;true;;;1586;547;;;;3641;NOAPLICA;;;;;;3500;5;2008
275;Cocoa Superior Corona X 230 Gr;2071;901418981;UND;IVA19;;Articulo;MERCANCIA;;7702007031553;;Activo;true;;;1586;547;;;;3641;NOAPLICA;;;;;;6000;6;3981
2849;Molde De Aluminio 104 Oz X 100 Und;2057;901418981;UND;IVA19;;Articulo;MERCANCIA;;2849;;Activo;true;;;1585;547;;;;3637;NOAPLICA;;;;;;2304;1;1589
2913;Esencia Hinojo Prodisabor X 500 Cc;2071;901418981;UND;IVA19;;Articulo;MERCANCIA;;7707373081423;;Activo;true;;;1586;547;;;;3639;NOAPLICA;;;;;;7920;6;5462
2916;Esencia Arequipe Novasabor X 500 Ml;2071;901418981;UND;IVA19;;Articulo;MERCANCIA;;2916;;Activo;true;;;1586;547;;;;3639;NOAPLICA;;;;;;4447;15;3067
2918;Esencia Mantequilla Novasabor X 3850 Ml;2071;901418981;UND;IVA19;;Articulo;MERCANCIA;;2918;;Activo;true;;;1586;547;;;;3639;NOAPLICA;;;;;;26820;16;18497
2920;Esencia Vainilla Blanca Novasaborx3850Ml;2071;901418981;UND;IVA19;;Articulo;MERCANCIA;;2920;;Activo;true;;;1586;547;;;;3639;NOAPLICA;;;;;;24358;10;16798
2927;Molde De Silicona Para Ponque Press 29.5 X 22.5 X 3 Cm  X 12 Huecos;2050;901418981;UND;IVA19;;Articulo;MERCANCIA;;7707175880668;;Activo;true;;;1584;564;;;;3641;NOAPLICA;;;;;;983;5;678
3016;Gelatina Sabrimax Sabor Piña X 500 Gr;2071;901418981;UND;IVA19;;Articulo;MERCANCIA;;3016;;Activo;true;;;1586;547;;;;3641;NOAPLICA;;;;;;3280;3;2262
302;Bicarbonato De Sodio X 25 Kg;1938;901418981;g;IVA19;;Articulo;MERCANCIA;;302;;Activo;true;;;1577;563;;;;3641;NOAPLICA;;;;;;10000;27270;3
3074;Esencia Coco Novasabor X 500 Ml;2071;901418981;UND;IVA19;;Articulo;MERCANCIA;;3074;;Activo;true;;;1586;547;;;;3639;NOAPLICA;;;;;;6000;5;2773
3129;Esencia Banano Gourmet 60ML;2071;901418981;UND;IVA19;;Articulo;MERCANCIA;;3129;;Activo;true;;;1586;547;;;;3639;NOAPLICA;;;;;;1816;8;1252
3243;Colorante Liquido Amarillo ColorisaX12Ml;2071;901418981;UND;IVA19;;Articulo;MERCANCIA;;3243;;Activo;true;;;1586;547;;;;3639;NOAPLICA;;;;;;3460;7;2386
3319;Esencia Vainilla Blanca Prodisabor x65Cc;2071;901418981;UND;IVA19;;Articulo;MERCANCIA;;3319;;Activo;true;;;1586;547;;;;3639;NOAPLICA;;;;;;2315;3;1597
3333;Vinipel Rosado Ref 200;2008;901418981;UND;IVA19;;Articulo;MERCANCIA;;3333;;Activo;true;;;1579;564;;;;3638;NOAPLICA;;;;;;13372;6;9222
337;Amarillo Huevo Deliaroma X 500 Gr;2071;901418981;UND;IVA19;;Articulo;MERCANCIA;;7708350073981;;Activo;true;;;1586;547;;;;3641;NOAPLICA;;;;;;11000;10;9952
339;Galletas Doricas X 5 Tacos X 24 Paq;1980;901418981;UND;IVA19;;Articulo;MERCANCIA;;7707028700297;;Activo;true;;;1580;565;;;;3641;NOAPLICA;;;;;;5500;100;5291
364;Vasos Super Practico Desechable 7 Oz X50;2008;901418981;UND;IVA19;;Articulo;MERCANCIA;;7703183382071;;Activo;true;;;1579;564;;;;3638;NOAPLICA;;;;;;2300;5;1640
374;Papel Parafinado Color X 20 Mts;2008;901418981;UND;IVA19;;Articulo;MERCANCIA;;374;;Activo;true;;;1579;564;;;;3638;NOAPLICA;;;;;;8000;3;5047
380;Bolsa De 15 Kg X Paq;2008;901418981;UND;IVA19;;Articulo;MERCANCIA;;380;;Activo;true;;;1579;564;;;;3638;NOAPLICA;;;;;;5500;2;4350
381;Bolsa De 10 Kg X Paq;2008;901418981;UND;IVA19;;Articulo;MERCANCIA;;381;;Activo;true;;;1579;564;;;;3638;NOAPLICA;;;;;;4200;22;3290
382;Bolsa De 5 Kg X Paq;2008;901418981;UND;IVA19;;Articulo;MERCANCIA;;382;;Activo;true;;;1579;564;;;;3638;NOAPLICA;;;;;;3500;26;2574
383;Bolsa De 3 Kg X Paq;2008;901418981;UND;IVA19;;Articulo;MERCANCIA;;383;;Activo;true;;;1579;564;;;;3638;NOAPLICA;;;;;;2200;2;1806
384;Bolsa De 2 Kg X Paq;2008;901418981;UND;IVA19;;Articulo;MERCANCIA;;384;;Activo;true;;;1579;564;;;;3638;NOAPLICA;;;;;;1800;6;883
388;Bolsa Para Hielo Normal X Paq;2008;901418981;UND;IVA19;;Articulo;MERCANCIA;;388;;Activo;true;;;1579;564;;;;3638;NOAPLICA;;;;;;700;6;416
403;Bolsa Transparente Plast 10 X 16;2008;901418981;UND;IVA19;;Articulo;MERCANCIA;;403;;Activo;true;;;1579;564;;;;3639;NOAPLICA;;;;;;2500;1;1055
405;Bolsa Transparenteplast 9 X 14;2008;901418981;UND;IVA19;;Articulo;MERCANCIA;;405;;Activo;true;;;1579;564;;;;3639;NOAPLICA;;;;;;1800;3;1064
413;Bolsa Transparente Plast 7 X 14;2008;901418981;UND;IVA19;;Articulo;MERCANCIA;;413;;Activo;true;;;1579;564;;;;3639;NOAPLICA;;;;;;1500;4;701
418;Palillos Para Dientes El Sol X Unid;2008;901418981;UND;IVA19;;Articulo;MERCANCIA;;7707015506093;;Activo;true;;;1579;564;;;;3637;NOAPLICA;;;;;;700;9;556
447;Molde Para Cookies Aluminio X 25;2050;901418981;UND;IVA19;;Articulo;MERCANCIA;;447;;Activo;true;;;1584;564;;;;3637;NOAPLICA;;;;;;25000;6;17299
448;Platos Pandos Darnel 20 X 18 Cm;2008;901418981;UND;IVA19;;Articulo;MERCANCIA;;645667223807;;Activo;true;;;1579;564;;;;3638;NOAPLICA;;;;;;2600;8;1737
451;Platos Pandos Darnel 20 X 15.5 Cm ;2008;901418981;UND;IVA19;;Articulo;MERCANCIA;;645667223784;;Activo;true;;;1579;564;;;;3638;NOAPLICA;;;;;;1900;2;1089
47;Sabrimax  Leche E X 510 Ml;2071;901418981;UND;IVA19;;Articulo;MERCANCIA;;7707175886806;;Activo;true;;;1586;547;;;;3641;NOAPLICA;;;;;;7500;3;4933
48;Sabrimax  Naranja X 510 Ml;2071;901418981;UND;IVA19;;Articulo;MERCANCIA;;7707175884130;;Activo;true;;;1586;547;;;;3641;NOAPLICA;;;;;;7500;3;4978
498;Cucharitas Dulceras Tami Paq X 100;2008;901418981;UND;IVA19;;Articulo;MERCANCIA;;645667269546;;Activo;true;;;1579;564;;;;3638;NOAPLICA;;;;;;2500;3;1946
50;Sabrimax  Queso X 510 Ml;2071;901418981;UND;IVA19;;Articulo;MERCANCIA;;7707175883775;;Activo;true;;;1586;547;;;;3641;NOAPLICA;;;;;;6000;4;3811
513;Capacillos Blancos # 2 X 25 Unid;2008;901418981;UND;IVA19;;Articulo;MERCANCIA;;513;;Activo;true;;;1579;564;;;;3638;NOAPLICA;;;;;;300;9;136
514;Capacillos Blancos # 3 X 25 Unid;2008;901418981;UND;IVA19;;Articulo;MERCANCIA;;514;;Activo;true;;;1579;564;;;;3638;NOAPLICA;;;;;;500;4;173
515;Capacillos Blancos  # 4 X 25 Unid;2008;901418981;UND;IVA19;;Articulo;MERCANCIA;;515;;Activo;true;;;1579;564;;;;3638;NOAPLICA;;;;;;500;4;196
524;Colorante Liquido Fucsia Jg  X 60 Ml;2071;901418981;UND;IVA19;;Articulo;MERCANCIA;;7707175880675;;Activo;true;;;1586;547;;;;3641;NOAPLICA;;;;;;10803;3;7450
53;Sabrimax Pina X 510 Ml;2071;901418981;UND;IVA19;;Articulo;MERCANCIA;;7707175884086;;Activo;true;;;1586;547;;;;3641;NOAPLICA;;;;;;6000;4;3900
537;Leche En Polvo X 25 Kg;1938;901418981;g;;;Articulo;MERCANCIA;;537;;Activo;false;;;1577;563;;;;3641;NOAPLICA;;;;;;15;9;14
567;Domos Redondo 28 X 12 Cm X 50 Und;2008;901418981;UND;IVA19;;Articulo;MERCANCIA;;567;;Activo;true;;;1579;564;;;;3638;NOAPLICA;;;;;;2651;1;1828
580;Bandeja Darnel # 25 Honda;2008;901418981;UND;IVA19;;Articulo;MERCANCIA;;580;;Activo;true;;;1579;564;;;;3638;NOAPLICA;;;;;;700;30;482
596;Molde De Aluminio Darnel 28 Oz X 250 Und;2050;901418981;UND;IVA19;;Articulo;MERCANCIA;;596;;Activo;true;;;1584;564;;;;3641;NOAPLICA;;;;;;571;18;393
605;Glicerina Carolesen X 626 Gr;2071;901418981;UND;IVA19;;Articulo;MERCANCIA;;7707175880385;;Activo;true;;;1586;547;;;;3641;NOAPLICA;;;;;;658;100;454
73;Cucharas  Suraplas X 100 Unid;2008;901418981;UND;IVA19;;Articulo;MERCANCIA;;7709693020915;;Activo;true;;;1579;564;;;;3638;NOAPLICA;;;;;;5300;10;4544
74;Tenedor Suraplas X 100 Unid;2008;901418981;UND;IVA19;;Articulo;MERCANCIA;;7709693020991;;Activo;true;;;1579;564;;;;3638;NOAPLICA;;;;;;5000;9;4240
76;Servilleta Favorita  X 320 Unid;2008;901418981;UND;IVA19;;Articulo;MERCANCIA;;7702120003352;;Activo;true;;;1579;564;;;;3637;NOAPLICA;;;;;;3400;9;2588
77;Servilleta Mia  X 200 Unid;2008;901418981;UND;IVA19;;Articulo;MERCANCIA;;7707151601164;;Activo;true;;;1579;564;;;;3637;NOAPLICA;;;;;;2000;2;1693
79;Servilleta Nube  X 320 Unid;2008;901418981;UND;IVA19;;Articulo;MERCANCIA;;7707151601751;;Activo;true;;;1579;564;;;;3637;NOAPLICA;;;;;;3300;10;2672
831;Esencia Hinojo Gourmet X 510 Ml;2071;901418981;UND;IVA19;;Articulo;MERCANCIA;;7709990515343;;Activo;true;;;1586;547;;;;3639;NOAPLICA;;;;;;7000;4;3319
836;Esencia Vainilla Negra Gourmet X 510 Ml;2071;901418981;UND;IVA19;;Articulo;MERCANCIA;;7708350073103;;Activo;true;;;1586;547;;;;3639;NOAPLICA;;;;;;5179;6;3572
86;Lexi Fondant Blanco Sugarcrapt X 1000 Gr;2057;901418981;UND;IVA19;;Articulo;MERCANCIA;;7597304218956;;Activo;true;;;1585;547;;;;3641;NOAPLICA;;;;;;19000;8;12016
861;Salsa Para Glass Fresa Prodisaborx1000Gr;2120;901418981;UND;IVA19;;Articulo;MERCANCIA;;861;;Activo;true;;;1578;566;;;;3639;NOAPLICA;;;;;;6606;7;4556
867;Salsa Para Glass Neutroprodisaborx1000Gr;2120;901418981;UND;IVA19;;Articulo;MERCANCIA;;867;;Activo;true;;;1578;566;;;;3639;NOAPLICA;;;;;;5;3;3
897;Colorante Liquido Verde Jg X 60 Ml;2071;901418981;UND;IVA19;;Articulo;MERCANCIA;;7707175880170;;Activo;true;;;1586;547;;;;3641;NOAPLICA;;;;;;10159;6;7006
899;Color Azul Deliaromas X 60 Ml;2071;901418981;UND;IVA19;;Articulo;MERCANCIA;;7709387828872;;Activo;true;;;1586;547;;;;3641;NOAPLICA;;;;;;978;10;674
900;Color Rojo Deliaromas X 60 Ml;2071;901418981;UND;IVA19;;Articulo;MERCANCIA;;7709198169621;;Activo;true;;;1586;547;;;;3641;NOAPLICA;;;;;;10596;16;7308
904;Colorante Liquido Fucsia Colorisa X 7 Ml;2071;901418981;UND;IVA19;;Articulo;MERCANCIA;;904;;Activo;true;;;1586;547;;;;3641;NOAPLICA;;;;;;3500;5;2223
965;Esencia Mantequilla Prodisabor X 65 Cc;2071;901418981;UND;IVA19;;Articulo;MERCANCIA;;7707373080112;;Activo;true;;;1586;547;;;;3639;NOAPLICA;;;;;;2040;4;1407
969;Colorante Liquido Verde Deliaroma X 60Ml;2071;901418981;UND;IVA19;;Articulo;MERCANCIA;;7709198169652;;Activo;true;;;1586;547;;;;3641;NOAPLICA;;;;;;1054;24;727
983;Crema De Leche Colanta X 900 Ml;2071;901418981;UND;;;Articulo;MERCANCIA;;7702129035446;;Activo;false;;;1586;547;;;;3641;NOAPLICA;;;;;;1069;3;737
985;Esencia Vainilla Blanca Gourmet X 3850Ml;2071;901418981;UND;IVA19;;Articulo;MERCANCIA;;7708350073813;;Activo;true;;;1586;547;;;;3639;NOAPLICA;;;;;;34578;9;23847
